X,Y,Z
5.303333,-3.186020135213248e-09,0.1468727
5.303333,-8.27907611774275e-09,0.1468727
5.343009,1.257872008712092e-10,0.169048
5.343009,-1.159091440729144e-08,0.169048
5.382685,3.4375945359541073e-09,0.1912233
5.382685,-1.4902752708858866e-08,0.1912233
5.413636,0.003130083167641074,0.20231099326746368
5.413636,-0.003130080116320812,0.20231099326746368
5.424748,0.0031749994959682226,0.20231099326746368
5.424748,-0.0031749962363392115,0.20231099326746368
5.435861,0.0031749994959682226,0.20231099326746368
5.435861,-0.0031749962363392115,0.20231099326746368
5.446973,0.0031749994959682226,0.20231099326746368
5.446973,-0.0031749962363392115,0.20231099326746368
5.458086,0.0031749994959682226,0.20231099326746368
5.458086,-0.0031749962363392115,0.20231099326746368
5.469198,0.0031749994959682226,0.20231099326746368
5.469198,-0.0031749962363392115,0.20231099326746368
5.480311,0.0031749994959682226,0.20231099326746368
5.480311,-0.0031749962363392115,0.20231099326746368
5.491423,3.4344704712802935e-07,0.20231099326746368
5.491423,-3.5491049851797293e-07,0.20231099326746368
5.493372,1.0143041987008409e-07,0.1792508
5.493372,-1.1289649589580263e-07,0.1792508
5.494346,2.633774281707408e-07,0.1677208
5.494346,-2.7484502082451774e-07,0.1677208
5.49532,4.301858992109249e-07,0.1561907
5.49532,-4.416550540202462e-07,0.1561907
5.496295,2.16712632595548e-08,0.1446606
5.496295,-3.313659234256282e-08,0.1446606
5.497269,1.884797342977358e-07,0.1331305
5.497269,-1.999466255365386e-07,0.1331305
5.498243,3.5528820533791993e-07,0.1216004
5.498243,-3.667566587320167e-07,0.1216004
5.500192,1.0872057768820809e-07,0.0985403
5.500192,-1.2018672198467592e-07,0.0985403
5.501166,2.7552904923843313e-07,0.0870102
5.501166,-2.869967556904465e-07,0.0870102
5.50214,4.423375202773653e-07,0.0754801
5.50214,-4.538067888854239e-07,0.0754801
5.503115,3.382288381470236e-08,0.06395
5.503115,-4.52883266964464e-08,0.06395
5.504089,5.6143302801500505e-06,0.0524199
5.504089,-4.266914562803794e-06,0.0524199
5.498544,0.003174848855598963,0.0527324
5.498544,-0.003174845598674308,0.0527324
5.478839,0.0031750143940594226,0.0647095
5.478839,-0.0031750111367281615,0.0647095
5.466933,0.0031750131553238948,0.0647095
5.466933,-0.0031750098957982692,0.0647095
5.455027,0.003175011913517771,0.0647095
5.455027,-0.003175008653992145,0.0647095
5.443122,0.0031750106718159477,0.0647095
5.443122,-0.003175007412290322,0.0647095
5.431216,0.003175009430009824,0.0647095
5.431216,-0.003175006170484198,0.0647095
5.419311,0.003175008188308001,0.0647095
5.419311,-0.003175004928782375,0.0647095
5.407405,0.003175006946501877,0.0647095
5.407405,-0.0031750036869762515,0.0647095
5.3955,0.003175005704800054,0.0647095
5.3955,-0.0031750024452744286,0.0647095
5.383594,0.0031750044629939305,0.0647095
5.383594,-0.0031750012034683045,0.0647095
5.371688,0.0031750032211878064,0.0647095
5.371688,-0.003174999961662181,0.0647095
5.359783,0.0031750019794859834,0.0647095
5.359783,-0.0031749987199603574,0.0647095
5.347877,0.0031750007376798593,0.0647095
5.347877,-0.003174997478154234,0.0647095
5.335972,0.0031749994959780364,0.0647095
5.335972,-0.003174996236452411,0.0647095
5.324703,0.003175320975564989,0.0655393
5.324703,-0.003175317716364514,0.0655393
5.313435,0.0031756965816467043,0.0663691
5.313435,-0.0031756933229469273,0.0663691
5.302167,0.0031760721877284043,0.0671989
5.302167,-0.003176068929529355,0.0671989
5.290899,0.00317644779381024,0.0680287
5.290899,-0.003176444536111889,0.0680287
5.27963,0.003177457832471769,0.0688585
5.27963,-0.003177454576119867,0.0688585
5.268362,0.003177833438553601,0.0696883
5.268362,-0.0031778301827024005,0.0696883
5.257094,0.0031773335868539106,0.0705181
5.257094,-0.003177330334728222,0.0705181
5.245825,0.003177219443200294,0.0713479
5.245825,-0.0031772161907076667,0.0713479
5.234557,0.0031763992643442825,0.0721777
5.234557,-0.003176396009215056,0.0721777
5.223289,0.003175579085487508,0.0730075
5.223289,-0.003175575827721682,0.0730075
5.212021,0.0031749994959682226,0.0738373
5.212021,-0.003174996236374756,0.0738373
5.200752,0.0031749994959682226,0.0746671
5.200752,-0.0031749962363392115,0.0746671
5.198889,0.0031749994959682226,0.0747356
5.198889,-0.0031749962363392115,0.0747356
5.185537,0.003174883827548021,0.0747356
5.185537,-0.0031748805701030565,0.0747356
5.469425,0.0031749994959682226,0.1909963
5.469425,-0.003174996672806713,0.1909963
5.469639,0.0031750003724071705,0.1796712
5.469639,-0.0031749979386966835,0.1796712
5.469844,0.0031750016863517833,0.1682978
5.469844,-0.003174999209493677,0.1682978
5.469967,0.003175002998312574,0.1568666
5.469967,-0.0031750004826287264,0.1568666
5.469997,0.003175004303925996,0.1454059
5.469997,-0.003175001754419292,0.1454059
5.46982,0.0031750056026210818,0.1338161
5.46982,-0.003175003030248833,0.1338161
5.469354,0.0031750068559784936,0.12236
5.469354,-0.003175004276920154,0.12236
5.468886,0.003175008122719592,0.1107843
5.468886,-0.0031750055367486874,0.1107843
5.46846,0.0031750093761122554,0.0993646
5.46846,-0.0031750067813700656,0.0993646
5.468219,0.003175010662699716,0.0878226
5.468219,-0.0031750080487260583,0.0878226
5.467995,0.00317501195143533,0.0762773
5.467995,-0.003175009317291289,0.0762773
5.458058,0.0031749994959682226,0.1910849
5.458058,-0.0031749962363392115,0.1910849
5.45801,0.0031749994959682226,0.1798012
5.45801,-0.0031749973473066653,0.1798012
5.457944,0.0031750004209985584,0.1685105
5.457944,-0.003174998595491353,0.1685105
5.45786,0.0031750017063344673,0.1571236
5.45786,-0.00317499985344575,0.1571236
5.457629,0.0031750029822251095,0.1456849
5.457629,-0.0031750011098481447,0.1456849
5.457282,0.003175004249642219,0.1342143
5.457282,-0.0031750023640309097,0.1342143
5.456716,0.0031750055044798436,0.1226534
5.456716,-0.0031750036173566767,0.1226534
5.456087,0.0031750067438024243,0.1111712
5.456087,-0.00317500485883356,0.1111712
5.455558,0.0031750080026696527,0.0996088
5.455558,-0.0031750061141613667,0.0996088
5.455323,0.0031750092914171655,0.0880533
5.455323,-0.0031750073833113914,0.0880533
5.455162,0.0031750105993045554,0.0763973
5.455162,-0.00317500866727238,0.0763973
5.446775,0.0031749994959682226,0.1911202
5.446775,-0.0031749962363392115,0.1911202
5.446567,0.0031749994959682226,0.1799506
5.446567,-0.003174996762994872,0.1799506
5.446332,0.0031749994959682226,0.1685947
5.446332,-0.0031749980100212656,0.1685947
5.446073,0.003175000456858564,0.1573003
5.446073,-0.0031749992490402324,0.1573003
5.445797,0.003175001727203308,0.1458691
5.445797,-0.003175000502378622,0.1458691
5.445285,0.0031750029707964676,0.1344567
5.445285,-0.0031750017419239205,0.1344567
5.444789,0.0031750042292529607,0.1229282
5.444789,-0.003175002995131575,0.1229282
5.444184,0.0031750054791591276,0.1113749
5.444184,-0.0031750042456799472,0.1113749
5.443777,0.0031750067553197067,0.0997723
5.443777,-0.0031750055115166292,0.0997723
5.443422,0.003175008040631582,0.0881369
5.443422,-0.003175006783568874,0.0881369
5.443269,0.0031750093536379045,0.0764432
5.443269,-0.00317500807210545,0.0764432
5.43562,0.0031749994959682226,0.1912642
5.43562,-0.0031749962363392115,0.1912642
5.43523,0.0031749994959682226,0.1799889
5.43523,-0.0031749962363392115,0.1799889
5.434931,0.0031749994959682226,0.1687659
5.434931,-0.003174997425377023,0.1687659
5.434637,0.0031749994959682226,0.1572758
5.434637,-0.003174998684350796,0.1572758
5.434179,0.0031750004980704363,0.1460219
5.434179,-0.003174999909007228,0.1460219
5.433718,0.003175001753051737,0.1345561
5.433718,-0.0031750011570017738,0.1345561
5.432886,0.003175002964768771,0.1231305
5.432886,-0.0031750023821331378,0.1231305
5.432548,0.0031750042602750697,0.111421
5.432548,-0.003175003663242081,0.111421
5.432092,0.003175005532097712,0.0998116
5.432092,-0.0031750049274013054,0.0998116
5.431816,0.003175006832229569,0.0881183
5.431816,-0.003175006209790816,0.0881183
5.431492,0.0031750081262639646,0.0764346
5.431492,-0.0031750074887347108,0.0764346
5.424569,0.0031749994959682226,0.1913629
5.424569,-0.0031749962363392115,0.1913629
5.424003,0.0031749994959682226,0.1804221
5.424003,-0.0031749962363392115,0.1804221
5.423637,0.0031749994959682226,0.1687132
5.423637,-0.0031749968708586975,0.1687132
5.423365,0.0031749994959682226,0.1574018
5.423365,-0.0031749981111169378,0.1574018
5.423053,0.0031749994959682226,0.1459387
5.423053,-0.0031749993662049535,0.1459387
5.422057,0.0031750005043301227,0.1348418
5.422057,-0.003175000546766291,0.1348418
5.420999,0.0031750017158525324,0.1232105
5.420999,-0.0031750017834842634,0.1232105
5.420509,0.003175003003926408,0.1114269
5.420509,-0.003175003065264854,0.1114269
5.420423,0.003175004335217489,0.0996338
5.420423,-0.0031750043681431604,0.0996338
5.420039,0.0031750056127996164,0.0880398
5.420039,-0.003175005634167781,0.0880398
5.419706,0.0031750069046338125,0.0763672
5.419706,-0.003175006911434813,0.0763672
5.414054,0.0031749994959682226,0.1919037
5.414054,-0.0031749962363392115,0.1919037
5.412492,0.0031749994959682226,0.1810557
5.412492,-0.0031749962363392115,0.1810557
5.412357,0.0031749994959682226,0.1690697
5.412357,-0.0031749962716793316,0.1690697
5.41247,0.0031749994959682226,0.1571004
5.41247,-0.0031749976039611395,0.1571004
5.4121,0.0031749994959682226,0.1461431
5.4121,-0.003174998800108657,0.1461431
5.411251,0.0031749994959682226,0.1351669
5.411251,-0.003174999974585132,0.1351669
5.407534,0.003175000241218324,0.1238284
5.407534,-0.0031750010469210857,0.1238284
5.408592,0.0031750018092846937,0.1110018
5.408592,-0.0031750025211127095,0.1110018
5.40846,0.0031750031185375496,0.0993604
5.40846,-0.0031750038048942914,0.0993604
5.40829,0.0031750044171899357,0.0877774
5.40829,-0.0031750050803174314,0.0877774
5.407847,0.003175005676969403,0.0762859
5.407847,-0.003175006332053643,0.0762859
5.219092,0.0031749994959682226,0.0854176
5.219092,-0.0031749962363392115,0.0854176
5.244327,0.0031749994959682226,0.079999
5.244327,-0.003174997807336892,0.079999
5.242,0.0031749994959682226,0.0946633
5.242,-0.0031749962363392115,0.0946633
5.396472,0.003175003212906072,0.087528
5.396472,-0.003175004521602681,0.087528
5.384792,0.0031750020258682907,0.0872535
5.384792,-0.003175003972516976,0.0872535
5.37311,0.0031750007749449935,0.0875393
5.37311,-0.0031750033612284794,0.0875393
5.36118,0.0031749994959682226,0.0883261
5.36118,-0.0031750026821045353,0.0883261
5.348238,0.0031749994959682226,0.0916225
5.348238,-0.003175001674605865,0.0916225
5.334311,0.0031749994959682226,0.0893674
5.334311,-0.003175001233563085,0.0893674
5.322428,0.0031749994959682226,0.0882879
5.322428,-0.0031750007636314618,0.0882879
5.311069,0.0031749994959682226,0.0871028
5.311069,-0.0031750003314031457,0.0871028
5.299536,0.0031749994959682226,0.0838061
5.299536,-0.0031750001245910956,0.0838061
5.288165,0.0031749994959682226,0.0823935
5.288165,-0.003174999716983454,0.0823935
5.277216,0.0031749994959682226,0.0820474
5.277216,-0.003174999212102949,0.0820474
5.266328,0.0031749994959682226,0.0824971
5.266328,-0.00317499862204266,0.0824971
5.255092,0.0031749994959682226,0.0817488
5.255092,-0.003174998147502234,0.0817488
5.252754,0.0031749994959682226,0.0938729
5.252754,-0.0031749966876675135,0.0938729
5.249337,0.0031749994959682226,0.1025552
5.249337,-0.0031749962363392115,0.1025552
5.26499,0.0031749994959682226,0.0963666
5.26499,-0.0031749970183637803,0.0963666
5.258976,0.0031749994959682226,0.1079623
5.258976,-0.0031749962363392115,0.1079623
5.274861,0.0031749994959682226,0.0943018
5.274861,-0.0031749977369823308,0.0943018
5.272397,0.0031749994959682226,0.1029532
5.272397,-0.0031749966558095276,0.1029532
5.268156,0.0031749994959682226,0.1136317
5.268156,-0.0031749962363392115,0.1136317
5.285391,0.0031749994959682226,0.0956429
5.285391,-0.0031749981107882267,0.0956429
5.281941,0.0031749994959682226,0.10727
5.281941,-0.0031749966508682584,0.10727
5.277882,0.0031749994959682226,0.118796
5.277882,-0.0031749962363392115,0.118796
5.396723,0.0031750007198641317,0.1096949
5.396723,-0.0031750020770806844,0.1096949
5.385725,0.0031749996595674553,0.1089311
5.385725,-0.0031750016160668098,0.1089311
5.374262,0.0031749994959682226,0.1089138
5.374262,-0.0031750010492397032,0.1089138
5.363225,0.0031749994959682226,0.1083513
5.363225,-0.0031750005639787577,0.1083513
5.352755,0.0031749994959682226,0.1076107
5.352755,-0.0031750001265904823,0.1076107
5.342797,0.0031749994959682226,0.1038179
5.342797,-0.0031750000529107833,0.1038179
5.331487,0.0031749994959682226,0.1014625
5.331487,-0.003174999752829495,0.1014625
5.320528,0.0031749994959682226,0.1003115
5.320528,-0.003174999336667816,0.1003115
5.310159,0.0031749994959682226,0.1024172
5.310159,-0.003174998588807303,0.1024172
5.29678,0.0031749994959682226,0.0983449
5.29678,-0.0031749983763720677,0.0983449
5.318567,0.0031749994959682226,0.109475
5.318567,-0.0031749982236906247,0.109475
5.315645,0.0031749994959682226,0.1229818
5.315645,-0.0031749965816221023,0.1229818
5.308717,0.0031749994959682226,0.135047
5.308717,-0.0031749962363392115,0.135047
5.396468,0.0031749995136022913,0.1200749
5.396468,-0.0031750009139111983,0.1200749
5.385544,0.0031749994959682226,0.1190333
5.385544,-0.0031750004873601907,0.1190333
5.374588,0.0031749994959682226,0.1206984
5.374588,-0.0031749997592113,0.1206984
5.362228,0.0031749994959682226,0.1188711
5.362228,-0.003174999348499022,0.1188711
5.350466,0.0031749994959682226,0.1196104
5.350466,-0.003174998682975406,0.1196104
5.338961,0.0031749994959682226,0.1152834
5.338961,-0.0031749985917508767,0.1152834
5.32845,0.0031749994959682226,0.1122493
5.32845,-0.003174998406539519,0.1122493
5.325078,0.0031749994959682226,0.1228988
5.325078,-0.003174997058846597,0.1228988
5.322205,0.0031749994959682226,0.1306356
5.322205,-0.0031749962363392115,0.1306356
5.317679,0.0031749994959682226,0.141094
5.317679,-0.0031749962363392115,0.141094
5.334629,0.0031749994959682226,0.125807
5.334629,-0.003174997210381629,0.125807
5.330641,0.0031749994959682226,0.1354253
5.330641,-0.0031749962363392115,0.1354253
5.326856,0.0031749994959682226,0.1461398
5.326856,-0.0031749962363392115,0.1461398
5.343727,0.0031749994959682226,0.1293867
5.343727,-0.0031749972650118048,0.1293867
5.339532,0.0031749994959682226,0.1392766
5.339532,-0.0031749962363392115,0.1392766
5.335851,0.0031749994959682226,0.1499439
5.335851,-0.0031749962363392115,0.1499439
5.361461,0.0031749994959682226,0.1279607
5.361461,-0.0031749983029540265,0.1279607
5.358552,0.0031749994959682226,0.1358833
5.358552,-0.0031749972804823137,0.1358833
5.355702,0.0031749994959682226,0.1447607
5.355702,-0.0031749962363392115,0.1447607
5.352189,0.0031749994959682226,0.1534107
5.352189,-0.0031749962363392115,0.1534107
5.348636,0.0031749994959682226,0.1617174
5.348636,-0.0031749962363392115,0.1617174
5.369924,0.0031749994959682226,0.1296944
5.369924,-0.0031749985306885756,0.1296944
5.367141,0.0031749994959682226,0.1386252
5.367141,-0.003174997402719718,0.1386252
5.363849,0.0031749994959682226,0.1473247
5.363849,-0.003174996275133729,0.1473247
5.360848,0.0031749994959682226,0.1566099
5.360848,-0.0031749962363392115,0.1566099
5.357136,0.0031749994959682226,0.1656955
5.357136,-0.0031749962363392115,0.1656955
5.402045,0.0031749994959682226,0.1366077
5.402045,-0.0031749993581250712,0.1366077
5.39405,0.0031749994959682226,0.1359346
5.39405,-0.003174999036053936,0.1359346
5.385267,0.0031749994959682226,0.1346122
5.385267,-0.0031749987468539425,0.1346122
5.377813,0.0031749994959682226,0.1330911
5.377813,-0.003174998545617074,0.1330911
5.375147,0.0031749994959682226,0.141025
5.375147,-0.0031749975339494833,0.141025
5.372829,0.0031749994959682226,0.1503123
5.372829,-0.00317499638953752,0.1503123
5.369781,0.0031749994959682226,0.1599847
5.369781,-0.0031749962363392115,0.1599847
5.366585,0.0031749994959682226,0.1700285
5.366585,-0.0031749962363392115,0.1700285
5.402432,0.0031749994959682226,0.1459043
5.402432,-0.003174998346892734,0.1459043
5.392782,0.0031749994959682226,0.1450029
5.392782,-0.0031749979680123688,0.1450029
5.384066,0.0031749994959682226,0.1433364
5.384066,-0.0031749977202766137,0.1433364
5.381821,0.0031749994959682226,0.1529138
5.381821,-0.0031749965473319595,0.1529138
5.379514,0.0031749994959682226,0.1633637
5.379514,-0.0031749962363392115,0.1633637
5.376458,0.0031749994959682226,0.1744872
5.376458,-0.0031749962363392115,0.1744872
5.38715,0.0031749994959682226,0.1788587
5.38715,-0.0031749962363392115,0.1788587
5.399724,0.0031749994959682226,0.1836871
5.399724,-0.0031749962363392115,0.1836871
5.391673,0.0031749994959682226,0.1551193
5.391673,-0.0031749967916884655,0.1551193
5.389743,0.0031749994959682226,0.1665707
5.389743,-0.0031749962363392115,0.1665707
5.400909,0.0031749994959682226,0.1687809
5.400909,-0.0031749962363392115,0.1687809
5.401739,0.0031749994959682226,0.1568102
5.401739,-0.003174997103700908,0.1568102
5.405406,0.0031749994959682226,0.1925129
5.405406,-0.0031749962363392115,0.1925129
5.386601,0.0031749994959682226,0.1270845
5.386601,-0.003174999647410295,0.1270845
5.394344,0.0031749994959682226,0.1280173
5.394344,-0.0031749999281931725,0.1280173
5.40177,0.0031749994959682226,0.1293309
5.40177,-0.003175000151040067,0.1293309
5.379313,0.0031749994959682226,0.1266272
5.379313,-0.003174999336498215,0.1266272
5.347454,0.0031749994959682226,0.1419818
5.347454,-0.0031749962363392115,0.1419818
5.35116,0.0031749994959682226,0.1336556
5.35116,-0.0031749971606410453,0.1336556
5.354104,0.0031749994959682226,0.1267302
5.354104,-0.0031749980743198242,0.1267302
5.344484,0.0031749994959682226,0.1510625
5.344484,-0.0031749962363392115,0.1510625
5.341944,0.0031749994959682226,0.1587195
5.341944,-0.0031749962363392115,0.1587195
5.304091,0.0031749994959682226,0.1165319
5.304091,-0.0031749967232682897,0.1165319
5.292662,0.0031749994959682226,0.111585
5.292662,-0.0031749967045241662,0.111585
5.288044,0.0031749994959682226,0.1238528
5.288044,-0.0031749962363392115,0.1238528
5.298524,0.0031749994959682226,0.1292549
5.298524,-0.0031749962363392115,0.1292549
5.396908,0.0031750019940257218,0.0986532
5.396908,-0.003175003310119791,0.0986532
5.385299,0.0031750008253603234,0.0982822
5.385299,-0.0031750027752528434,0.0982822
5.374046,0.003174999668482554,0.0981342
5.374046,-0.003175002233331798,0.0981342
5.363311,0.0031749994959682226,0.0984638
5.363311,-0.0031750016641745736,0.0984638
5.354712,0.0031749994959682226,0.098971
5.354712,-0.003175001181311305,0.098971
5.347932,0.0031749994959682226,0.0773168
5.347932,-0.0031750032450648894,0.0773168
5.335531,0.0031749994959682226,0.0769332
5.335531,-0.0031750026722988985,0.0769332
5.323757,0.0031749994959682226,0.0761453
5.323757,-0.0031750021754544896,0.0761453
5.312618,0.0031749994959682226,0.0742296
5.312618,-0.0031750018351212085,0.0742296
5.360346,0.0031750006769556503,0.0766873
5.360346,-0.0031750039307677207,0.0766873
5.372296,0.0031750019856073273,0.0761395
5.372296,-0.003175004584393258,0.0761395
5.384186,0.00317500322911998,0.0761098
5.384186,-0.0031750051776157358,0.0761098
5.396017,0.0031750044614442794,0.0761244
5.396017,-0.0031750057630006833,0.0761244
5.229888,0.0031749994959682226,0.0887015
5.229888,-0.0031749962363392115,0.0887015
5.209155,0.0031749994959682226,0.0829661
5.209155,-0.0031749962363392115,0.0829661
5.201376,0.0031749994959682226,0.0811758
5.201376,-0.0031749962363392115,0.0811758
5.480883,0.0031750002692071417,0.1908985
5.480883,-0.003174997252143406,0.1908985
5.481452,0.0031750016269474074,0.1794738
5.481452,-0.0031749985466865936,0.1794738
5.481995,0.0031750029846238466,0.1680258
5.481995,-0.0031749998425223414,0.1680258
5.482513,0.003175004342363489,0.1565543
5.482513,-0.003175001139722433,0.1565543
5.48293,0.0031750056983082674,0.1450059
5.48293,-0.0031750024404349235,0.1450059
5.482796,0.0031749637989280117,0.0760079
5.482796,-0.0031749962363392115,0.0760079
5.483473,0.0031749872499937668,0.0874931
5.483473,-0.0031749962363392115,0.0874931
5.483373,0.003174970916454194,0.0989482
5.483373,-0.0031749962363392115,0.0989482
5.483279,0.0031749548230343974,0.1104721
5.483279,-0.0031749962363392115,0.1104721
5.483318,0.003174960119412204,0.1219088
5.483318,-0.0031749962363392115,0.1219088
5.483167,0.0031749760526033673,0.1335091
5.483167,-0.0031749962363392115,0.1335091
5.273629,0.0031749994959682226,0.0986275
5.273629,-0.003174997196395929,0.0986275
5.269925,0.0031749994959682226,0.0953342
5.269925,-0.0031749973776482475,0.0953342
5.268693,0.0031749994959682226,0.0996599
5.268693,-0.0031749968370618463,0.0996599
5.270749,0.0031749994959682226,0.0978739
5.270749,-0.003174997137031646,0.0978739
5.245668,0.0031749994959682226,0.0986092
5.245668,-0.0031749962363392115,0.0986092
5.251046,0.0031749994959682226,0.0982141
5.251046,-0.0031749962363392115,0.0982141
5.247377,0.0031749994959682226,0.0942681
5.247377,-0.0031749963770800545,0.0942681
5.24803,0.0031749994959682226,0.0970305
5.24803,-0.0031749962363392115,0.0970305
5.261983,0.0031749994959682226,0.1021645
5.261983,-0.0031749962363392115,0.1021645
5.263566,0.0031749994959682226,0.110797
5.263566,-0.0031749962363392115,0.110797
5.270276,0.0031749994959682226,0.1082924
5.270276,-0.0031749962363392115,0.1082924
5.26613,0.0031749994959682226,0.1052285
5.26613,-0.0031749962363392115,0.1052285
5.256357,0.0031749994959682226,0.113558
5.256357,-0.0031749962363392115,0.113558
5.258698,1.27635646336818e-07,0.1219255
5.258698,-1.391019656365262e-07,0.1219255
5.265906,0.0031749994959682226,0.1191646
5.265906,-0.0031749962363392115,0.1191646
5.261132,0.0031749994959682226,0.1163613
5.261132,-0.0031749962363392115,0.1163613
5.246578,0.0031749994959682226,0.1080825
5.246578,-0.0031749962363392115,0.1080825
5.248779,1.1420749112135533e-07,0.1163817
5.248779,-1.2567368488627276e-07,0.1163817
5.254157,0.0031749994959682226,0.1052587
5.254157,-0.0031749962363392115,0.1052587
5.251468,0.0031749994959682226,0.1108202
5.251468,-0.0031749962363392115,0.1108202
5.258872,0.0031749994959682226,0.0951198
5.258872,-0.0031749968530101046,0.0951198
5.256514,0.0031749994959682226,0.1001893
5.256514,-0.0031749962363392115,0.1001893
5.265659,0.0031749994959682226,0.0894318
5.265659,-0.003174997820208762,0.0894318
5.26071,0.0031749994959682226,0.082123
5.26071,-0.003174998384766905,0.082123
5.253923,0.0031749994959682226,0.0878109
5.253923,-0.003174997417579332,0.0878109
5.259791,0.0031749994959682226,0.0886214
5.259791,-0.003174997618888505,0.0886214
5.276039,0.0031749994959682226,0.0881746
5.276039,-0.0031749984745674475,0.0881746
5.271772,0.0031749994959682226,0.0822722
5.271772,-0.0031749989170783465,0.0822722
5.270849,0.0031749994959682226,0.0888032
5.270849,-0.003174998147388105,0.0888032
5.278423,0.0031749994959682226,0.0754529
5.278423,-0.0031750000029223753,0.0754529
5.273996,0.0031776456355124077,0.0692734
5.273996,-0.003177642379410851,0.0692734
5.267345,0.0031749994959682226,0.0760927
5.267345,-0.0031749993823644534,0.0760927
5.272884,0.0031749994959682226,0.0757728
5.272884,-0.0031749996926434144,0.0757728
5.262728,0.003177743676282231,0.0701032
5.262728,-0.0031777404254748473,0.0701032
5.256093,0.0031749994959682226,0.0761335
5.256093,-0.0031749988195664625,0.0761335
5.261719,0.0031749994959682226,0.0761131
5.261719,-0.0031749991009654577,0.0761131
5.24971,0.0031749994959682226,0.0808739
5.24971,-0.003174997977444371,0.0808739
5.243163,0.0031749994959682226,0.0873311
5.243163,-0.0031749969368954777,0.0873311
5.248543,0.0031749994959682226,0.087571
5.248543,-0.0031749971772374046,0.087571
5.25146,0.0031769234974262234,0.070933
5.25146,-0.0031769202439822343,0.070933
5.245076,0.0031749994959682226,0.0756734
5.245076,-0.003174998323947832,0.0756734
5.250585,0.0031749994959682226,0.0759034
5.250585,-0.003174998571787497,0.0759034
5.232222,0.0031749994959682226,0.0804396
5.232222,-0.003174997157902953,0.0804396
5.235944,0.0031749994959682226,0.0916824
5.235944,-0.0031749962363392115,0.0916824
5.239442,0.0031749994959682226,0.0760883
5.239442,-0.0031749979984255963,0.0760883
5.237693,0.0031749994959682226,0.0838853
5.237693,-0.003174997047429565,0.0838853
5.228941,1.3775199421218997e-07,0.105294
5.228941,-1.4921840808921843e-07,0.105294
5.23795,0.0031749994959682226,0.1013646
5.23795,-0.0031749962363392115,0.1013646
5.226934,0.0031749994959682226,0.0956118
5.226934,-0.0031749962363392115,0.0956118
5.232442,0.0031749994959682226,0.0984882
5.232442,-0.0031749962363392115,0.0984882
5.23886,1.0077933591390514e-07,0.1108379
5.23886,-1.1224540413401621e-07,0.1108379
5.242264,0.0031749994959682226,0.1047235
5.242264,-0.0031749962363392115,0.1047235
5.228923,0.003175989174915962,0.0725926
5.228923,-0.003175985918468435,0.0725926
5.221191,0.0031749994959682226,0.0792126
5.221191,-0.0031749967465927722,0.0792126
5.22449,0.0031749994959682226,0.0870596
5.22449,-0.0031749962363392115,0.0870596
5.226706,0.0031749994959682226,0.0798261
5.226706,-0.0031749969522230546,0.0798261
5.216577,0.0031749994959682226,0.091198
5.216577,-0.0031749962363392115,0.091198
5.219022,1.243238389967273e-07,0.0997502
5.219022,-1.357901273369619e-07,0.0997502
5.221756,0.0031749994959682226,0.0934049
5.221756,-0.0031749962363392115,0.0934049
5.206649,0.0028397480752747656,0.0872003
5.206649,-0.0028397609044155006,0.0872003
5.209103,1.1089568378126464e-07,0.0942064
5.209103,-1.2236184658771002e-07,0.0942064
5.214124,0.0031749994959682226,0.0841918
5.214124,-0.0031749962363392115,0.0841918
5.211613,0.0031749994959682226,0.0891991
5.211613,-0.0031749962363392115,0.0891991
5.217655,0.0031751689960598144,0.0734224
5.217655,-0.00317516573697569,0.0734224
5.210588,0.0031749994959682226,0.0784017
5.210588,-0.0031749963103976505,0.0784017
5.215889,0.0031749994959682226,0.0788071
5.215889,-0.0031749965284759455,0.0788071
5.206386,0.003175054852405566,0.0742522
5.206386,-0.0031750515929545057,0.0742522
5.201064,0.0031749994959682226,0.0779215
5.201064,-0.0031749962363392115,0.0779215
5.205266,0.0031749994959682226,0.0820709
5.205266,-0.0031749962363392115,0.0820709
5.205826,0.0031749994959682226,0.0781616
5.205826,-0.0031749962363392115,0.0781616
5.1978,0.002195381542574935,0.0835332
5.1978,-0.0021954034621472344,0.0835332
5.199184,9.746752858182692e-08,0.0886626
5.199184,-1.0893356583745659e-07,0.0886626
5.202225,0.0025176804383458666,0.0853668
5.202225,-0.002517697810590572,0.0853668
5.199821,0.0031749994959682226,0.0747185
5.199821,-0.0031749962363392115,0.0747185
5.196556,0.0031749994959682226,0.0803131
5.196556,-0.0031749962363392115,0.0803131
5.19881,0.0031749994959682226,0.0791173
5.19881,-0.0031749962363392115,0.0791173
5.192213,0.0031749994959682226,0.0747356
5.192213,-0.0031749962363392115,0.0747356
5.184921,0.0015875511008470859,0.0775412
5.184921,-0.0015875780123121197,0.0775412
5.189265,1.3444018686408678e-07,0.0831187
5.189265,-1.45906569783144e-07,0.0831187
5.190739,0.0025277519601225366,0.0789272
5.190739,-0.002527764055552167,0.0789272
5.279911,0.0031749994959682226,0.113033
5.279911,-0.0031749962363392115,0.113033
5.277169,0.0031749994959682226,0.1051116
5.277169,-0.003174996653338893,0.1051116
5.273019,0.0031749994959682226,0.1162138
5.273019,-0.0031749962363392115,0.1162138
5.275094,0.0031749994959682226,0.1106627
5.275094,-0.0031749962363392115,0.1106627
5.283666,0.0031749994959682226,0.1014564
5.283666,-0.003174997380833785,0.1014564
5.280126,0.0031749994959682226,0.0949723
5.280126,-0.0031749979238908208,0.0949723
5.278647,0.0031749994959682226,0.100042
5.278647,-0.003174997288584507,0.100042
5.268617,1.4106380155228067e-07,0.1274693
5.268617,-1.5253024638677962e-07,0.1274693
5.275729,0.0031749994959682226,0.1245186
5.275729,-0.0031749962363392115,0.1245186
5.270818,0.0031749994959682226,0.1218416
5.270818,-0.0031749962363392115,0.1218416
5.286778,0.0031749994959682226,0.0890182
5.286778,-0.0031749989138858403,0.0890182
5.28269,0.0031749994959682226,0.0822204
5.28269,-0.0031749994645239353,0.0822204
5.281408,0.0031749994959682226,0.0885964
5.281408,-0.0031749986942018363,0.0885964
5.289532,0.0031749994959682226,0.0752111
5.289532,-0.0031750005809041294,0.0752111
5.285264,0.0031772700294312507,0.0684436
5.285264,-0.003177266772828996,0.0684436
5.283977,0.0031749994959682226,0.075332
5.283977,-0.0031750002918884443,0.075332
5.296533,0.003176259990769043,0.0676138
5.296533,-0.0031762567328203393,0.0676138
5.29385,0.0031749994959682226,0.0830998
5.29385,-0.0031749999207624667,0.0830998
5.300851,0.0031749994959682226,0.0755025
5.300851,-0.003175001110205378,0.0755025
5.295192,0.0031749994959682226,0.0753568
5.295192,-0.0031750008455795615,0.0753568
5.291086,0.0031749994959682226,0.0969939
5.291086,-0.0031749982436049553,0.0969939
5.298158,0.0031749994959682226,0.0910755
5.298158,-0.0031749992504815816,0.0910755
5.292468,0.0031749994959682226,0.0900469
5.292468,-0.0031749990821781687,0.0900469
5.287301,0.0031749994959682226,0.1094275
5.287301,-0.0031749966776714045,0.1094275
5.294721,0.0031749994959682226,0.1049649
5.294721,-0.003174997540453659,0.1049649
5.289193,0.0031749994959682226,0.1032107
5.289193,-0.003174997460613372,0.1032107
5.290353,0.0031749994959682226,0.1177189
5.290353,-0.0031749962363392115,0.1177189
5.282963,0.0031749994959682226,0.1213244
5.282963,-0.0031749962363392115,0.1213244
5.285132,0.0031749994959682226,0.1153759
5.285132,-0.0031749962363392115,0.1153759
5.278536,1.0409114325800207e-07,0.1330132
5.278536,-1.1555724244159302e-07,0.1330132
5.285769,0.0031749994959682226,0.1298189
5.285769,-0.0031749962363392115,0.1298189
5.280749,0.0031749994959682226,0.1271688
5.280749,-0.0031749962363392115,0.1271688
5.240191,0.0031768093537719736,0.0717628
5.240191,-0.00317680609996105,0.0717628
5.24157,0.0031749994959682226,0.0745082
5.24157,-0.003174998279145804,0.0745082
5.179962,0.0015790214793221877,0.0747865
5.179962,-0.001579047706674162,0.0747865
5.179346,1.210120316566366e-07,0.0775749
5.179346,-1.3247828903314095e-07,0.0775749
5.181409,0.0010582513086763677,0.0766285
5.181409,-0.0010582726673631377,0.0766285
5.319547,0.0031749994959682226,0.1048932
5.319547,-0.0031749987801599545,0.1048932
5.315343,0.0031749994959682226,0.1013643
5.315343,-0.0031749989627182936,0.1013643
5.314363,0.0031749994959682226,0.1059461
5.314363,-0.0031749984062489638,0.1059461
5.316418,0.0031749994959682226,0.1040679
5.316418,-0.0031749987163885813,0.1040679
5.313027,0.0031749994959682226,0.0702993
5.313027,-0.0031750017603389587,0.0702993
5.307801,0.003175884384687328,0.066784
5.307801,-0.0031758811262379187,0.066784
5.307392,0.0031749994959682226,0.0707142
5.307392,-0.0031750017602952363,0.0707142
5.309407,0.0031749994959682226,0.0692658
5.309407,-0.0031749999187167524,0.0692658
5.488398,0.003174998828392967,0.0624843
5.488398,-0.0031749962363392115,0.0624843
5.293284,0.0031749994959682226,0.1265539
5.293284,-0.0031749962363392115,0.1265539
5.288455,1.1751929846144602e-07,0.138557
5.288455,-1.2898552318383395e-07,0.138557
5.295969,0.0031749994959682226,0.1352919
5.295969,-0.0031749962363392115,0.1352919
5.290869,0.0031749994959682226,0.1325554
5.290869,-0.0031749962363392115,0.1325554
5.298377,0.0031749994959682226,0.1140584
5.298377,-0.003174996713926578,0.1140584
5.301308,0.0031749994959682226,0.1228934
5.301308,-0.0031749962363392115,0.1228934
5.29583,0.0031749994959682226,0.1203061
5.29583,-0.0031749962363392115,0.1203061
5.303469,0.0031749994959682226,0.1003811
5.303469,-0.0031749984825593354,0.1003811
5.307125,0.0031749994959682226,0.1094745
5.307125,-0.0031749976560433383,0.1094745
5.300923,0.0031749994959682226,0.1072197
5.300923,-0.0031749975982484986,0.1072197
5.305303,0.0031749994959682226,0.0854545
5.305303,-0.0031750002280163865,0.0854545
5.310614,0.0031749994959682226,0.09476
5.310614,-0.0031749994601052243,0.09476
5.304386,0.0031749994959682226,0.0929178
5.304386,-0.003174999355287861,0.0929178
5.311844,0.0031749994959682226,0.0806662
5.311844,-0.003175001083286985,0.0806662
5.306348,0.0031749994959682226,0.0780844
5.306348,-0.0031750010967654474,0.0780844
5.316748,0.0031749994959682226,0.0876954
5.316748,-0.003175000547486954,0.0876954
5.323092,0.0031749994959682226,0.0822166
5.323092,-0.003175001469518168,0.0822166
5.318188,0.0031749994959682226,0.0751875
5.318188,-0.003175002005307115,0.0751875
5.317468,0.0031749994959682226,0.0814414
5.317468,-0.0031750012764025764,0.0814414
5.321478,0.0031749994959682226,0.0942997
5.321478,-0.0031750000501496387,0.0942997
5.316046,0.0031749994959682226,0.0945299
5.316046,-0.0031749997551218895,0.0945299
5.32423,0.0031749994959682226,0.0708423
5.32423,-0.0031750027867063543,0.0708423
5.319069,0.0031755087786060577,0.0659542
5.319069,-0.0031755055196559506,0.0659542
5.318628,0.0031749994959682226,0.0705708
5.318628,-0.0031750025388522832,0.0705708
5.335751,0.0031749994959682226,0.0708214
5.335751,-0.0031750033606452524,0.0708214
5.330338,0.0031749994959682226,0.0651244
5.330338,-0.003174996236421536,0.0651244
5.329644,0.0031749994959682226,0.0765393
5.329644,-0.0031750024238711523,0.0765393
5.329991,0.0031749994959682226,0.0708318
5.329991,-0.003175003073706153,0.0708318
5.328369,0.0031749994959682226,0.0888276
5.328369,-0.0031750009985780075,0.0888276
5.334921,0.0031749994959682226,0.0831503
5.334921,-0.0031750019529309917,0.0831503
5.329007,0.0031749994959682226,0.0826835
5.329007,-0.0031750017112438457,0.0826835
5.326007,0.0031749994959682226,0.100887
5.326007,-0.0031749995447238476,0.100887
5.332899,0.0031749994959682226,0.0954149
5.332899,-0.0031750004932018317,0.0954149
5.327188,0.0031749994959682226,0.0948573
5.327188,-0.0031750002716509273,0.0948573
5.323508,0.0031749994959682226,0.1108621
5.323508,-0.003174998315095806,0.1108621
5.329968,0.0031749994959682226,0.1068559
5.329968,-0.003174999079659699,0.1068559
5.324758,0.0031749994959682226,0.1058746
5.324758,-0.0031749989299290926,0.1058746
5.326764,0.0031749994959682226,0.117574
5.326764,-0.0031749977326986,0.117574
5.317106,0.0031749994959682226,0.1162284
5.317106,-0.0031749974026563633,0.1162284
5.320361,0.0031749994959682226,0.1229403
5.320361,-0.0031749968202095416,0.1229403
5.321935,0.0031749994959682226,0.1169012
5.321935,-0.0031749975676774816,0.1169012
5.309868,0.0031749994959682226,0.1197568
5.309868,-0.0031749966524507378,0.1197568
5.312115,0.0031749994959682226,0.1128515
5.312115,-0.003174997529319501,0.1128515
5.303621,0.0031749994959682226,0.132151
5.303621,-0.0031749962363392115,0.132151
5.312181,0.0031749994959682226,0.1290144
5.312181,-0.0031749962363392115,0.1290144
5.306744,0.0031749994959682226,0.1259539
5.306744,-0.0031749962363392115,0.1259539
5.313198,0.0031749994959682226,0.1380705
5.313198,-0.0031749962363392115,0.1380705
5.319942,0.0031749994959682226,0.1358648
5.319942,-0.0031749962363392115,0.1358648
5.318925,0.0031749994959682226,0.1268087
5.318925,-0.0031749963201885964,0.1268087
5.316061,0.0031749994959682226,0.1324396
5.316061,-0.0031749962363392115,0.1324396
5.306025,0.0031749994959682226,0.1409599
5.306025,-0.0031749962363392115,0.1409599
5.308293,9.397479539064259e-08,0.1496447
5.308293,-1.0544079999290701e-07,0.1496447
5.315466,0.0031749994959682226,0.1467553
5.315466,-0.0031749962363392115,0.1467553
5.310745,0.0031749994959682226,0.1438576
5.310745,-0.0031749962363392115,0.1438576
5.298374,1.3094745368091493e-07,0.1441008
5.298374,-1.4241380394209987e-07,0.1441008
5.300997,0.0031749994959682226,0.1381259
5.300997,-0.0031749962363392115,0.1381259
5.323641,0.0031749994959682226,0.1267672
5.323641,-0.0031749965587760357,0.1267672
5.320976,0.0031749994959682226,0.1255054
5.320976,-0.00317499656640793,0.1255054
5.318212,1.0740295059809277e-07,0.1551885
5.318212,-1.1886908074316044e-07,0.1551885
5.325013,0.0031749994959682226,0.1520501
5.325013,-0.0031749962363392115,0.1520501
5.322267,0.0031749994959682226,0.1436169
5.322267,-0.0031749962363392115,0.1436169
5.32024,0.0031749994959682226,0.1494027
5.32024,-0.0031749962363392115,0.1494027
5.328748,0.0031749994959682226,0.1407825
5.328748,-0.0031749962363392115,0.1407825
5.326423,0.0031749994959682226,0.1330304
5.326423,-0.0031749962363392115,0.1330304
5.324345,0.0031749994959682226,0.1383237
5.324345,-0.0031749962363392115,0.1383237
5.332635,0.0031749994959682226,0.1306161
5.332635,-0.0031749965784080964,0.1306161
5.329853,0.0031749994959682226,0.1243529
5.329853,-0.003174997134589305,0.1243529
5.328138,0.0031749994959682226,0.1286916
5.328138,-0.003174996568597608,0.1286916
5.336795,0.0031749994959682226,0.1205452
5.336795,-0.0031749979010662526,0.1205452
5.333705,0.0031749994959682226,0.1137663
5.333705,-0.003174998499125932,0.1137663
5.331779,0.0031749994959682226,0.1190596
5.331779,-0.0031749978168576186,0.1190596
5.340879,0.0031749994959682226,0.1095506
5.340879,-0.003174999322336372,0.1095506
5.337142,0.0031749994959682226,0.1026402
5.337142,-0.003174999902870139,0.1026402
5.335423,0.0031749994959682226,0.1082033
5.335423,-0.0031749992009676856,0.1082033
5.341274,0.0031749994959682226,0.090495
5.341274,-0.0031750014540541252,0.090495
5.345517,0.0031749994959682226,0.0977202
5.345517,-0.003175000863733516,0.0977202
5.339208,0.0031749994959682226,0.0965676
5.339208,-0.003175000678462132,0.0965676
5.348085,0.0031749994959682226,0.0844697
5.348085,-0.0031750024598298354,0.0844697
5.341732,0.0031749994959682226,0.077125
5.341732,-0.003175002958706702,0.077125
5.341503,0.0031749994959682226,0.08381
5.341503,-0.0031750022063804133,0.08381
5.347905,0.0031750000242094316,0.0710131
5.347905,-0.0031750039424263323,0.0710131
5.341924,0.0031750001167767977,0.0647095
5.341924,-0.0031749968572511718,0.0647095
5.341828,0.0031749994959682226,0.0709172
5.341828,-0.0031750036515413344,0.0709172
5.360064,0.0031750013281686665,0.0706984
5.360064,-0.0031750045805847833,0.0706984
5.35383,0.0031750013585829214,0.0647095
5.35383,-0.003174998099057296,0.0647095
5.354139,0.0031749999937838117,0.0770021
5.354139,-0.003175003587910763,0.0770021
5.353985,0.003175000676235517,0.0708558
5.353985,-0.003175004261524824,0.0708558
5.354709,0.0031749994959682226,0.0899743
5.354709,-0.0031750021783552,0.0899743
5.360763,0.003175000059086569,0.0825067
5.360763,-0.003175003306436128,0.0825067
5.354424,0.0031749994959682226,0.0834882
5.354424,-0.0031750028831329814,0.0834882
5.362245,0.0031749994959682226,0.0933949
5.362245,-0.0031750021731202886,0.0933949
5.351475,0.0031749994959682226,0.0952968
5.351475,-0.003175001427953043,0.0952968
5.359012,0.0031749994959682226,0.0987174
5.359012,-0.0031750014227677472,0.0987174
5.35686,0.0031749994959682226,0.0943459
5.35686,-0.003175001800531124,0.0943459
5.35799,0.0031749994959682226,0.107981
5.35799,-0.00317500034528462,0.107981
5.363268,0.0031749994959682226,0.1034075
5.363268,-0.003175001114082208,0.1034075
5.353733,0.0031749994959682226,0.1032909
5.353733,-0.003175000653920544,0.1032909
5.358501,0.0031749994959682226,0.1033492
5.358501,-0.0031750008840261837,0.1033492
5.356347,0.0031749994959682226,0.1192407
5.356347,-0.003174999015742756,0.1192407
5.362727,0.0031749994959682226,0.1136112
5.362727,-0.003174999956263698,0.1136112
5.35161,0.0031749994959682226,0.1136105
5.35161,-0.0031749994047636783,0.1136105
5.357169,0.0031749994959682226,0.1136109
5.357169,-0.0031749996805329537,0.1136109
5.361844,0.0031749994959682226,0.1234159
5.361844,-0.0031749988257017167,0.1234159
5.352285,0.0031749994959682226,0.1231703
5.352285,-0.003174998378647615,0.1231703
5.357782,0.0031749994959682226,0.1273455
5.357782,-0.0031749981886065753,0.1273455
5.357065,0.0031749994959682226,0.1232931
5.357065,-0.0031749986021994735,0.1232931
5.352632,0.0031749994959682226,0.1301929
5.352632,-0.003174997617480435,0.1301929
5.347097,0.0031749994959682226,0.1244985
5.347097,-0.003174997974023955,0.1244985
5.347443,0.0031749994959682226,0.1315211
5.347443,-0.003174997212807159,0.1315211
5.349864,0.0031749994959682226,0.1273457
5.349864,-0.003174997795727387,0.1273457
5.344713,0.0031749994959682226,0.1174469
5.344713,-0.003174998637338333,0.1174469
5.339178,0.0031749994959682226,0.1275968
5.339178,-0.0031749972377022586,0.1275968
5.341946,0.0031749994959682226,0.1225219
5.341946,-0.0031749979375395618,0.1225219
5.347776,0.0031749994959682226,0.1057143
5.347776,-0.0031750000897506326,0.1057143
5.346245,0.0031749994959682226,0.1115806
5.346245,-0.003174999363569291,0.1115806
5.349625,0.0031749994959682226,0.1005055
5.349625,-0.003175000758832572,0.1005055
5.335086,0.0031749994959682226,0.1373509
5.335086,-0.0031749962363392115,0.1373509
5.34163,0.0031749994959682226,0.1343316
5.34163,-0.003174996612875807,0.1343316
5.337132,0.0031749994959682226,0.1324739
5.337132,-0.003174996595611602,0.1324739
5.337691,0.0031749994959682226,0.1446102
5.337691,-0.0031749962363392115,0.1446102
5.331353,0.0031749994959682226,0.1480419
5.331353,-0.0031749962363392115,0.1480419
5.33322,0.0031749994959682226,0.1426964
5.33322,-0.0031749962363392115,0.1426964
5.328131,1.2083110581355541e-07,0.1607323
5.328131,-1.3229736149341387e-07,0.1607323
5.334471,0.0031749994959682226,0.1567241
5.334471,-0.0031749962363392115,0.1567241
5.329742,0.0031749994959682226,0.1543871
5.329742,-0.0031749962363392115,0.1543871
5.340167,0.0031749994959682226,0.1505032
5.340167,-0.0031749962363392115,0.1505032
5.337517,0.0024525392037009494,0.1611119
5.337517,-0.0024525627407481036,0.1611119
5.343214,0.0031749994959682226,0.154891
5.343214,-0.0031749962363392115,0.154891
5.338842,0.0031749994959682226,0.1558076
5.338842,-0.0031749962363392115,0.1558076
5.343493,0.0031749994959682226,0.1406292
5.343493,-0.0031749962363392115,0.1406292
5.345969,0.0031749994959682226,0.1465222
5.345969,-0.0031749962363392115,0.1465222
5.34183,0.0031749994959682226,0.1455662
5.34183,-0.0031749962363392115,0.1455662
5.349307,0.0031749994959682226,0.1378187
5.349307,-0.0031749966072658585,0.1378187
5.345468,0.0031749994959682226,0.1360752
5.345468,-0.003174996610040483,0.1360752
5.351578,0.0031749994959682226,0.1433713
5.351578,-0.0031749962363392115,0.1433713
5.357127,0.0031749994959682226,0.140322
5.357127,-0.003174996717795183,0.140322
5.354856,0.0031749994959682226,0.1347694
5.354856,-0.0031749972205672218,0.1347694
5.353217,0.0031749994959682226,0.1390704
5.353217,-0.0031749966625249787,0.1390704
5.348336,0.0031749994959682226,0.1522366
5.348336,-0.0031749962363392115,0.1522366
5.353945,0.0031749994959682226,0.1490857
5.353945,-0.0031749962363392115,0.1490857
5.349957,0.0031749994959682226,0.147804
5.349957,-0.0031749962363392115,0.147804
5.350412,0.0031749994959682226,0.1575641
5.350412,-0.0031749962363392115,0.1575641
5.34529,0.0031749994959682226,0.1602185
5.34529,-0.0031749962363392115,0.1602185
5.346813,0.0031749994959682226,0.1562276
5.346813,-0.0031749962363392115,0.1562276
5.33805,1.3425926101699937e-07,0.1662761
5.33805,-1.457256422436673e-07,0.1662761
5.345822,0.0026394717973300505,0.1653827
5.345822,-0.0026394920369576303,0.1653827
5.34167,0.002546146331068798,0.1632473
5.34167,-0.002546168218753035,0.1632473
5.347969,9.728660272873016e-08,0.17182
5.347969,-1.0875263829447444e-07,0.17182
5.355032,0.002834272178711484,0.1701437
5.355032,-0.0028342860787473893,0.1701437
5.352886,0.0031749994959682226,0.1637065
5.352886,-0.0031749962363392115,0.1637065
5.350427,0.0027368719880207673,0.1677632
5.350427,-0.002736890421209609,0.1677632
5.358992,0.0031749994959682226,0.1611527
5.358992,-0.0031749962363392115,0.1611527
5.356519,0.0031749994959682226,0.1550103
5.356519,-0.0031749962363392115,0.1550103
5.354702,0.0031749994959682226,0.1593584
5.354702,-0.0031749962363392115,0.1593584
5.362349,0.0031749994959682226,0.1519673
5.362349,-0.0031749962363392115,0.1519673
5.359776,0.0031749994959682226,0.1460427
5.359776,-0.0031749962363392115,0.1460427
5.358147,0.0031749994959682226,0.1505265
5.358147,-0.0031749962363392115,0.1505265
5.365495,0.0031749994959682226,0.142975
5.365495,-0.0031749968389211815,0.142975
5.362847,0.0031749994959682226,0.1372542
5.362847,-0.0031749973416313657,0.1372542
5.361311,0.0031749994959682226,0.1416485
5.361311,-0.0031749967783581824,0.1416485
5.360006,0.0031749994959682226,0.131922
5.360006,-0.0031749977916933625,0.131922
5.368533,0.0031749994959682226,0.1341598
5.368533,-0.003174997966728955,0.1341598
5.365692,0.0031749994959682226,0.1288276
5.365692,-0.003174998416790951,0.1288276
5.36427,0.0031749994959682226,0.1330409
5.36427,-0.0031749978792359663,0.1330409
5.356319,0.0031749994959682226,0.1310575
5.356319,-0.0031749977045813565,0.1310575
5.372256,0.0031749994959682226,0.1251964
5.372256,-0.003174999144949938,0.1251964
5.368408,0.0031749994959682226,0.1197848
5.368408,-0.003174999553849619,0.1197848
5.36705,0.0031749994959682226,0.1243062
5.36705,-0.003174998985320285,0.1243062
5.368743,0.0031749994959682226,0.1086325
5.368743,-0.0031750008065899644,0.1086325
5.374425,0.0031749994959682226,0.1148061
5.374425,-0.0031750004042255015,0.1148061
5.368576,0.0031749994959682226,0.1142087
5.368576,-0.0031750001802390575,0.1142087
5.374154,0.0031749994959682226,0.103524
5.374154,-0.0031750016412857504,0.103524
5.368679,0.0031749994959682226,0.098299
5.368679,-0.0031750019487779934,0.098299
5.368711,0.0031749994959682226,0.1034658
5.368711,-0.003175001377678437,0.1034658
5.373578,0.0031750002217080914,0.0928368
5.373578,-0.0031750027972745967,0.0928368
5.367145,0.0031750001080812404,0.0879327
5.367145,-0.003175003021666507,0.0879327
5.367912,0.0031749995990316164,0.0931158
5.367912,-0.0031750024852277925,0.0931158
5.372703,0.0031750013802761606,0.0818394
5.372703,-0.0031750039728108688,0.0818394
5.366321,0.003175001331281489,0.0764134
5.366321,-0.0031750042575804894,0.0764134
5.366733,0.003175000719675682,0.0821731
5.366733,-0.0031750036396179563,0.0821731
5.371992,0.003175002603397567,0.0704245
5.371992,-0.0031750052027597446,0.0704245
5.365736,0.0031750026003890455,0.0647095
5.365736,-0.0031749993408634195,0.0647095
5.366028,0.003175001965788799,0.0705614
5.366028,-0.003175004891677806,0.0705614
5.38389,0.0031750038460626375,0.0704096
5.38389,-0.0031750057947387183,0.0704096
5.377641,0.0031750038420908684,0.0647095
5.377641,-0.0031750005825652424,0.0647095
5.378241,0.0031750026073579713,0.0761247
5.378241,-0.0031750048809989547,0.0761247
5.377941,0.0031750032247244197,0.0704171
5.377941,-0.0031750054987436894,0.0704171
5.378951,0.003175001400406642,0.0873964
5.378951,-0.0031750036668727276,0.0873964
5.384489,0.003175002627499818,0.0816816
5.384489,-0.0031750045750718976,0.0816816
5.378596,0.003175002003887989,0.0817605
5.378596,-0.0031750042739413834,0.0817605
5.385046,0.00317500142567214,0.0927678
5.385046,-0.0031750033739152595,0.0927678
5.379672,0.0031750002468692883,0.0982082
5.379672,-0.003175002504267513,0.0982082
5.379312,0.0031750008236901156,0.0928023
5.379312,-0.003175003085594928,0.0928023
5.379993,0.0031749994959682226,0.1089224
5.379993,-0.0031750013326339904,0.1089224
5.385512,0.0031750002424695716,0.1036066
5.385512,-0.0031750021956653686,0.1036066
5.379833,0.003174999654838605,0.1035653
5.379833,-0.0031750019184755593,0.1035653
5.380066,0.0031749994959682226,0.1198659
5.380066,-0.0031750001232802036,0.1198659
5.385634,0.0031749994959682226,0.1139822
5.385634,-0.003175001051688692,0.1139822
5.38003,0.0031749994959682226,0.1143942
5.38003,-0.0031750007279763627,0.1143942
5.386073,0.0031749994959682226,0.1230589
5.386073,-0.003175000067410051,0.1230589
5.37695,0.0031749994959682226,0.1236628
5.37695,-0.0031749995478299498,0.1236628
5.382957,0.0031749994959682226,0.1268558
5.382957,-0.003174999491959797,0.1268558
5.381512,0.0031749994959682226,0.1233609
5.381512,-0.003174999807639266,0.1233609
5.38154,0.0031749994959682226,0.1338516
5.38154,-0.0031749986462410503,0.1338516
5.385934,0.0031749994959682226,0.1308484
5.385934,-0.0031749991971265767,0.1308484
5.378563,0.0031749994959682226,0.1298591
5.378563,-0.0031749989410631866,0.1298591
5.382249,0.0031749994959682226,0.1303537
5.382249,-0.0031749990691252315,0.1303537
5.373869,0.0031749994959682226,0.1313928
5.373869,-0.0031749985381720907,0.1313928
5.37541,0.0031749994959682226,0.1275278
5.37541,-0.003174999043025828,0.1275278
5.37648,0.0031749994959682226,0.137058
5.37648,-0.0031749980397888207,0.137058
5.371144,0.0031749994959682226,0.1398251
5.371144,-0.003174997468334601,0.1398251
5.372506,0.0031749994959682226,0.1356089
5.372506,-0.0031749980032340797,0.1356089
5.379607,0.0031749994959682226,0.1421807
5.379607,-0.0031749976271378566,0.1421807
5.384667,0.0031749994959682226,0.1389743
5.384667,-0.003174998233590086,0.1389743
5.380573,0.0031749994959682226,0.1380162
5.380573,-0.0031749981366591034,0.1380162
5.382944,0.0031749994959682226,0.1481251
5.382944,-0.0031749971338290942,0.1481251
5.373988,0.0031749994959682226,0.1456686
5.373988,-0.0031749969617490435,0.1456686
5.377325,0.0031749994959682226,0.1516131
5.377325,-0.0031749964684291976,0.1516131
5.378466,0.0031749994959682226,0.1468969
5.378466,-0.0031749970477835273,0.1468969
5.380668,0.0031749994959682226,0.1581388
5.380668,-0.0031749962363392115,0.1581388
5.371305,0.0031749994959682226,0.1551485
5.371305,-0.0031749962363392115,0.1551485
5.374648,0.0031749994959682226,0.1616742
5.374648,-0.0031749962363392115,0.1616742
5.375986,0.0031749994959682226,0.1566436
5.375986,-0.0031749962363392115,0.1566436
5.377986,0.0031749994959682226,0.1689254
5.377986,-0.0031749962363392115,0.1689254
5.368183,0.0031749994959682226,0.1650066
5.368183,-0.0031749962363392115,0.1650066
5.371521,0.0031749994959682226,0.1722579
5.371521,-0.0031749962363392115,0.1722579
5.373085,0.0031749994959682226,0.166966
5.373085,-0.0031749962363392115,0.166966
5.364716,0.0030731794755823206,0.1750821
5.364716,-0.0030731813437999554,0.1750821
5.367807,1.2414291315164302e-07,0.1829076
5.367807,-1.356091997949813e-07,0.1829076
5.374612,0.0031749994959682226,0.1800834
5.374612,-0.0031749962363392115,0.1800834
5.369664,0.0031749994959682226,0.1775827
5.369664,-0.0031749962363392115,0.1775827
5.357888,1.1071475794619594e-07,0.1773638
5.357888,-1.2218091904472786e-07,0.1773638
5.36186,0.0031749994959682226,0.167862
5.36186,-0.0031749962363392115,0.167862
5.359874,0.0029537258271468943,0.1726129
5.359874,-0.0029537337112736685,0.1726129
5.365315,0.0031749994959682226,0.1582973
5.365315,-0.0031749962363392115,0.1582973
5.363588,0.0031749994959682226,0.1630797
5.363588,-0.0031749962363392115,0.1630797
5.368339,0.0031749994959682226,0.1488185
5.368339,-0.0031749963323356245,0.1488185
5.366827,0.0031749994959682226,0.1535579
5.366827,-0.0031749962363392115,0.1535579
5.369742,0.0031749994959682226,0.1443218
5.369742,-0.0031749969003599205,0.1443218
5.381804,0.0031749994959682226,0.176673
5.381804,-0.0031749962363392115,0.176673
5.377726,1.3757106836910878e-07,0.1884514
5.377726,-1.4903748055324723e-07,0.1884514
5.384918,0.0031749994959682226,0.185041
5.384918,-0.0031749962363392115,0.185041
5.379765,0.0031749994959682226,0.1825622
5.379765,-0.0031749962363392115,0.1825622
5.388446,0.0031749994959682226,0.1727147
5.388446,-0.0031749962363392115,0.1727147
5.384628,0.0031749994959682226,0.1649672
5.384628,-0.0031749962363392115,0.1649672
5.383216,0.0031749994959682226,0.1708201
5.383216,-0.0031749962363392115,0.1708201
5.390708,0.0031749994959682226,0.160845
5.390708,-0.0031749962363392115,0.160845
5.386747,0.0031749994959682226,0.1540166
5.386747,-0.0031749966695046703,0.1540166
5.385688,0.0031749994959682226,0.1594919
5.385688,-0.0031749962363392115,0.1594919
5.392227,0.0031749994959682226,0.1500611
5.392227,-0.003174997379825609,0.1500611
5.388424,0.0031749994959682226,0.1441697
5.388424,-0.0031749978441389494,0.1441697
5.387585,0.0031749994959682226,0.1490931
5.387585,-0.003174997256802544,0.1490931
5.389659,0.0031749994959682226,0.1352734
5.389659,-0.0031749988914787468,0.1352734
5.393416,0.0031749994959682226,0.1404687
5.393416,-0.003174998502038694,0.1404687
5.389041,0.0031749994959682226,0.1397215
5.389041,-0.0031749983677895823,0.1397215
5.394197,0.0031749994959682226,0.1319759
5.394197,-0.003174999482129096,0.1319759
5.390473,0.0031749994959682226,0.1275509
5.390473,-0.0031749997878265414,0.1275509
5.390066,0.0031749994959682226,0.1314121
5.390066,-0.003174999339658186,0.1314121
5.393437,0.0031749994959682226,0.1812729
5.393437,-0.0031749962363392115,0.1812729
5.387645,1.0059841006481462e-07,0.1939953
5.387645,-1.1206447659604186e-07,0.1939953
5.396164,0.0031749994959682226,0.1902271
5.396164,-0.0031749962363392115,0.1902271
5.390541,0.0031749994959682226,0.1876341
5.390541,-0.0031749962363392115,0.1876341
5.403965,0.0028749785046862865,0.197412
5.403965,-0.0028749794244473104,0.197412
5.402565,0.0031749994959682226,0.1881
5.402565,-0.0031749962363392115,0.1881
5.397564,1.1402656528353234e-07,0.1995391
5.397564,-1.254927573462953e-07,0.1995391
5.400064,0.0031749994959682226,0.1938196
5.400064,-0.0031749962363392115,0.1938196
5.413273,0.0031749994959682226,0.1864797
5.413273,-0.0031749962363392115,0.1864797
5.406108,0.0031749994959682226,0.1823714
5.406108,-0.0031749962363392115,0.1823714
5.40973,0.0031749994959682226,0.1922083
5.40973,-0.0031749962363392115,0.1922083
5.407919,0.0031749994959682226,0.1872899
5.407919,-0.0031749962363392115,0.1872899
5.40808,0.0015651740582092826,0.20231099326746368
5.40808,-0.0015651782644579965,0.20231099326746368
5.413845,0.0031749994959682226,0.1971074
5.413845,-0.0031749962363392115,0.1971074
5.408905,0.0031749994959682226,0.1972597
5.408905,-0.0031749962363392115,0.1972597
5.419192,0.0031749994959682226,0.20231099326746368
5.419192,-0.0031749962363392115,0.20231099326746368
5.424659,0.0031749994959682226,0.196837
5.424659,-0.0031749962363392115,0.196837
5.419312,0.0031749994959682226,0.1916333
5.419312,-0.0031749962363392115,0.1916333
5.419252,0.0031749994959682226,0.1969722
5.419252,-0.0031749962363392115,0.1969722
5.424286,0.0031749994959682226,0.1858925
5.424286,-0.0031749962363392115,0.1858925
5.418247,0.0031749994959682226,0.1807389
5.418247,-0.0031749962363392115,0.1807389
5.41878,0.0031749994959682226,0.1861861
5.41878,-0.0031749962363392115,0.1861861
5.430305,0.0031749994959682226,0.20231099326746368
5.430305,-0.0031749962363392115,0.20231099326746368
5.43574,0.0031749994959682226,0.1967876
5.43574,-0.0031749962363392115,0.1967876
5.430094,0.0031749994959682226,0.1913135
5.430094,-0.0031749962363392115,0.1913135
5.430199,0.0031749994959682226,0.1968123
5.430199,-0.0031749962363392115,0.1968123
5.435425,0.0031749994959682226,0.1856265
5.435425,-0.0031749962363392115,0.1856265
5.429616,0.0031749994959682226,0.1802055
5.429616,-0.0031749962363392115,0.1802055
5.429855,0.0031749994959682226,0.1857595
5.429855,-0.0031749962363392115,0.1857595
5.441417,0.0031749994959682226,0.20231099326746368
5.441417,-0.0031749962363392115,0.20231099326746368
5.446874,0.0031749994959682226,0.1967156
5.446874,-0.0031749962363392115,0.1967156
5.441197,0.0031749994959682226,0.1911922
5.441197,-0.0031749962363392115,0.1911922
5.441307,0.0031749994959682226,0.1967516
5.441307,-0.0031749962363392115,0.1967516
5.446671,0.0031749994959682226,0.1855354
5.446671,-0.0031749962363392115,0.1855354
5.440899,0.0031749994959682226,0.1799697
5.440899,-0.0031749964796561093,0.1799697
5.441048,0.0031749994959682226,0.1855809
5.441048,-0.0031749962363392115,0.1855809
5.45253,0.0031749994959682226,0.20231099326746368
5.45253,-0.0031749962363392115,0.20231099326746368
5.458072,0.0031749994959682226,0.1966979
5.458072,-0.0031749962363392115,0.1966979
5.452416,0.0031749994959682226,0.1911025
5.452416,-0.0031749962363392115,0.1911025
5.452473,0.0031749994959682226,0.1967068
5.452473,-0.0031749962363392115,0.1967068
5.458034,0.0031749994959682226,0.185443
5.458034,-0.0031749967231612616,0.185443
5.452289,0.0031749994959682226,0.1798759
5.452289,-0.0031749970551755765,0.1798759
5.452352,0.0031749994959682226,0.1854892
5.452352,-0.00317499643612412,0.1854892
5.463642,0.0031749994959682226,0.20231099326746368
5.463642,-0.0031749962363392115,0.20231099326746368
5.469312,0.0031749994959682226,0.1966537
5.469312,-0.0031749962363392115,0.1966537
5.463741,0.0031749994959682226,0.1910406
5.463741,-0.0031749963858809355,0.1910406
5.463692,0.0031749994959682226,0.1966758
5.463692,-0.0031749962363392115,0.1966758
5.469532,0.003174999717704424,0.1853338
5.469532,-0.0031749973057461564,0.1853338
5.463824,0.003174999758510515,0.1797362
5.463824,-0.0031749976429768663,0.1797362
5.463783,0.0031749994959682226,0.1853884
5.463783,-0.0031749970144537088,0.1853884
5.475154,0.0031749996661100924,0.1909474
5.475154,-0.0031749969624750595,0.1909474
5.474755,0.0031749994959682226,0.20231099326746368
5.474755,-0.0031749962363392115,0.20231099326746368
5.480597,0.0031749995908794924,0.1966047
5.480597,-0.003174996605479054,0.1966047
5.474954,0.0031749994959682226,0.1966292
5.474954,-0.0031749963227821485,0.1966292
5.475546,0.0031750009997294393,0.1795725
5.475546,-0.0031749982427164464,0.1795725
5.481167,0.0031750009480308065,0.1851861
5.481167,-0.003174997899395734,0.1851861
5.47535,0.0031750003329140833,0.18526
5.47535,-0.003174997602590211,0.18526
5.485867,0.0031749994959682226,0.20231099326746368
5.485867,-0.0031749962363392115,0.20231099326746368
5.49191,4.2411008918874717e-07,0.196546
5.49191,-4.355791870979499e-07,0.196546
5.48664,0.003175005173488708,0.1908397
5.48664,-0.0031749962363392115,0.1908397
5.486254,0.0031750021365895952,0.1965754
5.486254,-0.0031749962363392115,0.1965754
5.492885,1.5595452725082653e-08,0.1850159
5.492885,-2.7060724909348034e-08,0.1850159
5.487412,0.0031750105366677864,0.1793623
5.487412,-0.0031749962363392115,0.1793623
5.487026,0.0031750080752323802,0.185101
5.487026,-0.0031749962363392115,0.185101
5.493859,1.8240392427605885e-07,0.1734858
5.493859,-1.9387075861574462e-07,0.1734858
5.488171,0.0031750159193535566,0.1678733
5.488171,-0.0031749962363392115,0.1678733
5.481724,0.0031750023058377775,0.1737498
5.481724,-0.0031749991946292753,0.1737498
5.487791,0.0031750132445139867,0.1736178
5.487791,-0.0031749962363392115,0.1736178
5.494833,3.492123953152414e-07,0.1619557
5.494833,-3.606807918097204e-07,0.1619557
5.488916,0.0031750217953907217,0.1563725
5.488916,-0.0031749962363392115,0.1563725
5.482254,0.0031750036634879855,0.1622901
5.482254,-0.0031750004911168454,0.1622901
5.488544,0.0031750188408688237,0.1621229
5.488544,-0.0031749962363392115,0.1621229
5.489612,0.003175028191996814,0.1448332
5.489612,-0.0031749962363392115,0.1448332
5.482721,0.0031750050202837277,0.1507801
5.482721,-0.0031750017900538706,0.1507801
5.489264,0.00317502557221581,0.1506029
5.489264,-0.0031749962363392115,0.1506029
5.483048,0.003174990954758647,0.1392575
5.483048,-0.0031749992259118387,0.1392575
5.496782,1.0264476766502879e-07,0.1388956
5.496782,-1.141108550623796e-07,0.1388956
5.490218,0.0031750324646712524,0.1333198
5.490218,-0.0031749962363392115,0.1333198
5.489915,0.0031750303283340333,0.1390765
5.489915,-0.0031749962363392115,0.1390765
5.483242,0.003174968095730479,0.1277089
5.483242,-0.0031749962363392115,0.1277089
5.497756,2.694532387052129e-07,0.1273655
5.497756,-2.8092088825735693e-07,0.1273655
5.490781,0.003175036262713576,0.1217546
5.490781,-0.0031749962363392115,0.1217546
5.490499,0.0031750343582923096,0.1275372
5.490499,-0.0031749962363392115,0.1275372
5.491248,0.003175039040079604,0.1102712
5.491248,-0.0031749962363392115,0.1102712
5.483298,0.003174954112010208,0.1161904
5.483298,-0.0031749962363392115,0.1161904
5.49873,4.3626170974364434e-07,0.1158354
5.49873,-4.477309214518335e-07,0.1158354
5.491014,0.0031750376459964854,0.1160129
5.491014,-0.0031749962363392115,0.1160129
5.491782,0.003175042532454897,0.0987442
5.491782,-0.0031749962363392115,0.0987442
5.483326,0.0031749628697932235,0.1047101
5.483326,-0.0031749962363392115,0.1047101
5.499705,2.774707379277501e-08,0.1043053
5.499705,-3.921245977415008e-08,0.1043053
5.491515,0.0031750407862672506,0.1045077
5.491515,-0.0031749962363392115,0.1045077
5.49232,0.0031750460748201158,0.0872516
5.49232,-0.0031749962363392115,0.0872516
5.483423,0.003174979083272908,0.0932206
5.483423,-0.0031749962363392115,0.0932206
5.500679,1.9455554483170718e-07,0.0927752
5.500679,-2.0602249296912743e-07,0.0927752
5.492051,0.0031750443036375063,0.0929979
5.492051,-0.0031749962363392115,0.0929979
5.492468,0.003175045402143255,0.075744
5.492468,-0.0031749962363392115,0.075744
5.483135,0.0031749755500812622,0.0817505
5.483135,-0.0031749962363392115,0.0817505
5.501653,3.5650255313336544e-07,0.0812452
5.501653,-3.6797101789896926e-07,0.0812452
5.492394,0.0031750457384816856,0.0814978
5.492394,-0.0031749962363392115,0.0814978
5.475396,0.0031750127386744186,0.0761426
5.475396,-0.0031750096994271246,0.0761426
5.468107,0.003175011307061841,0.08205
5.468107,-0.003175008683003132,0.08205
5.475846,0.0031750114769316024,0.0876578
5.475846,-0.0031750084454113185,0.0876578
5.475621,0.0031750121078030105,0.0819002
5.475621,-0.0031750090724192216,0.0819002
5.468339,0.003175010019353835,0.0935936
5.468339,-0.003175007415023254,0.0935936
5.475916,0.0031750101774410118,0.0991564
5.475916,-0.003175007174381492,0.0991564
5.475881,0.003175010827186307,0.0934071
5.475881,-0.0031750078098964052,0.0934071
5.468673,0.003175008749421606,0.1050744
5.468673,-0.0031750061590649185,0.1050744
5.476082,0.0031750088910090677,0.1106282
5.476082,-0.003175005911085279,0.1106282
5.475999,0.0031750095342250395,0.1048923
5.475999,-0.0031750065427333853,0.1048923
5.46912,0.0031750074893433606,0.1165722
5.46912,-0.0031750049068288784,0.1165722
5.476336,0.0031750076098461125,0.1221344
5.476336,-0.0031750046483423563,0.1221344
5.476209,0.00317500825042759,0.1163813
5.476209,-0.003175005279713818,0.1163813
5.469587,0.0031750062292941056,0.1280881
5.469587,-0.0031750036535789514,0.1280881
5.476494,0.0031750063161700205,0.1336626
5.476494,-0.0031750033783978517,0.1336626
5.476415,0.0031750069630080663,0.1278985
5.476415,-0.003175004013370104,0.1278985
5.469909,0.003175004953325689,0.139611
5.469909,-0.0031750023923588703,0.139611
5.476464,0.003175005001169282,0.1452059
5.476464,-0.0031750020974519156,0.1452059
5.476479,0.0031750056586753337,0.1394342
5.476479,-0.0031750027379304257,0.1394342
5.469982,0.0031750036511249673,0.1511362
5.469982,-0.0031750011185295514,0.1511362
5.47624,0.0031750036703437137,0.1567104
5.47624,-0.0031750008111811217,0.1567104
5.476352,0.0031750043357508155,0.1509582
5.476352,-0.0031750014543109766,0.1509582
5.469906,0.003175002342384329,0.1625822
5.469906,-0.00317499984608601,0.1625822
5.47592,0.0031750023355399653,0.1681618
5.47592,-0.003174999526032817,0.1681618
5.47608,0.0031750030029418395,0.1624361
5.47608,-0.0031750001686069694,0.1624361
5.469741,0.0031750010293273264,0.1739845
5.469741,-0.0031749985740703725,0.1739845
5.475733,0.00317500166762902,0.1738672
5.475733,-0.0031749988843690897,0.1738672
5.457977,0.003174999782864042,0.1741558
5.457977,-0.0031749979714045507,0.1741558
5.463894,0.0031750010536808534,0.1684041
5.463894,-0.003174998902498057,0.1684041
5.463859,0.0031750004060900018,0.1740702
5.463859,-0.0031749982727319196,0.1740702
5.457902,0.0031750010636721953,0.162817
5.457902,-0.0031749992244740934,0.162817
5.463914,0.003175002352375671,0.1569951
5.463914,-0.003175000168062046,0.1569951
5.463904,0.003175001703028262,0.1626996
5.463904,-0.0031749995352800516,0.1626996
5.451966,0.0031750010815500477,0.1572119
5.451966,-0.0031749995512237255,0.1572119
5.446202,0.003174999828521,0.1629475
5.446202,-0.003174998629505941,0.1629475
5.452138,0.0031749998106431476,0.1685526
5.452138,-0.0031749983027563092,0.1685526
5.452052,0.003175000446090915,0.1628823
5.452052,-0.0031749989269844753,0.1628823
5.44645,0.0031749994959682226,0.1742727
5.44645,-0.0031749973865273346,0.1742727
5.452213,0.0031749994959682226,0.1742142
5.452213,-0.003174997678946677,0.1742142
5.43508,0.0031749994959682226,0.1743774
5.43508,-0.003174996810792027,0.1743774
5.440632,0.0031749994959682226,0.1686803
5.440632,-0.003174997717723952,0.1686803
5.440765,0.0031749994959682226,0.174325
5.440765,-0.003174997098665223,0.174325
5.434784,0.0031749994959682226,0.1630208
5.434784,-0.0031749980548694515,0.1630208
5.440355,0.0031749998618527103,0.1572881
5.440355,-0.0031749989666899725,0.1572881
5.440493,0.0031749994959682226,0.1629842
5.440493,-0.003174998342182154,0.1629842
5.429001,0.0031749994959682226,0.1573388
5.429001,-0.003174998397733867,0.1573388
5.423501,0.0031749994959682226,0.1630575
5.423501,-0.003174997490987818,0.1630575
5.429284,0.0031749994959682226,0.1687395
5.429284,-0.003174997148123402,0.1687395
5.429142,0.0031749994959682226,0.1630392
5.429142,-0.0031749977728982846,0.1630392
5.42382,0.0031749994959682226,0.1745677
5.42382,-0.0031749962363392115,0.1745677
5.42945,0.0031749994959682226,0.1744725
5.42945,-0.003174996520914833,0.1744725
5.412414,0.0031749994959682226,0.163085
5.412414,-0.0031749969378505856,0.163085
5.417997,0.0031749994959682226,0.1688914
5.417997,-0.0031749965712745565,0.1688914
5.417918,0.0031749994959682226,0.1572511
5.417918,-0.0031749978575638465,0.1572511
5.417957,0.0031749994959682226,0.1630713
5.417957,-0.003174997214388852,0.1630713
5.412424,0.0031749994959682226,0.1750627
5.412424,-0.0031749962363392115,0.1750627
5.418122,0.0031749994959682226,0.1748152
5.418122,-0.0031749962363392115,0.1748152
5.406633,0.0031749994959682226,0.1689253
5.406633,-0.0031749962363392115,0.1689253
5.400316,0.0031749994959682226,0.176234
5.400316,-0.0031749962363392115,0.176234
5.40637,0.0031749994959682226,0.1756483
5.40637,-0.0031749962363392115,0.1756483
5.401324,0.0031749994959682226,0.1627955
5.401324,-0.0031749964197007336,0.1627955
5.407105,0.0031749994959682226,0.1569553
5.407105,-0.0031749973538558315,0.1569553
5.406869,0.0031749994959682226,0.1629403
5.406869,-0.0031749966787701176,0.1629403
5.395326,0.0031749994959682226,0.1676758
5.395326,-0.0031749962363392115,0.1676758
5.394381,0.0031749994959682226,0.1744744
5.394381,-0.0031749962363392115,0.1744744
5.396706,0.0031749994959682226,0.1559647
5.396706,-0.0031749969477002284,0.1559647
5.396016,0.0031749994959682226,0.1618203
5.396016,-0.003174996264431667,0.1618203
5.402086,0.0031749994959682226,0.1513572
5.402086,-0.003174997725327171,0.1513572
5.397607,0.0031749994959682226,0.1454536
5.397607,-0.0031749981574525515,0.1454536
5.397157,0.0031749994959682226,0.1507092
5.397157,-0.003174997552595656,0.1507092
5.398047,0.0031749994959682226,0.1362711
5.398047,-0.0031749991970702377,0.1362711
5.402239,0.0031749994959682226,0.141256
5.402239,-0.003174998852533711,0.141256
5.397827,0.0031749994959682226,0.1408624
5.397827,-0.0031749986772558526,0.1408624
5.412285,0.0031749994959682226,0.1516217
5.412285,-0.00317499820204044,0.1516217
5.407266,0.0031749994959682226,0.1460237
5.407266,-0.0031749985735006958,0.1460237
5.407186,0.0031749994959682226,0.1514895
5.407186,-0.0031749979637030715,0.1514895
5.423209,0.0031749994959682226,0.1516703
5.423209,-0.003174998738655404,0.1516703
5.417577,0.0031749994959682226,0.1460409
5.417577,-0.003174999083181613,0.1460409
5.417747,0.0031749994959682226,0.151646
5.417747,-0.003174998470347922,0.151646
5.411676,0.0031749994959682226,0.140655
5.411676,-0.0031749993873717024,0.140655
5.406648,0.0031749994959682226,0.1358873
5.406648,-0.0031749996663551017,0.1358873
5.406957,0.0031749994959682226,0.1409555
5.406957,-0.0031749991199278987,0.1409555
5.409393,0.0031749997908096417,0.1294977
5.409393,-0.003175000510772375,0.1294977
5.404652,0.0031749996279437794,0.1265797
5.404652,-0.0031750005989750344,0.1265797
5.401907,0.0031749994959682226,0.1329693
5.401907,-0.0031749997545577613,0.1329693
5.40565,0.0031749994959682226,0.1312335
5.40565,-0.003175000132665068,0.1312335
5.398057,0.0031749994959682226,0.1286741
5.398057,-0.0031750000396166198,0.1286741
5.402001,0.00317499987741599,0.1219516
5.402001,-0.0031750009804216842,0.1219516
5.395406,0.0031749994959682226,0.1240461
5.395406,-0.003175000421052185,0.1240461
5.400029,0.0031749994959682226,0.1253129
5.400029,-0.0031750005100136098,0.1253129
5.398052,0.0031749994959682226,0.1324726
5.398052,-0.0031749996183434285,0.1324726
5.391006,0.0031749994959682226,0.1195541
5.391006,-0.0031750007006356947,0.1195541
5.390739,0.0031749994959682226,0.1235525
5.390739,-0.0031750002442063104,0.1235525
5.391224,0.0031750001897157937,0.109313
5.391224,-0.003175001846573747,0.109313
5.396595,0.003175000116681061,0.1148849
5.396595,-0.0031750014954711335,0.1148849
5.391115,0.0031749995964129676,0.1144335
5.391115,-0.0031750012736102627,0.1144335
5.396815,0.003175001356898459,0.104174
5.396815,-0.003175002693580972,0.104174
5.391103,0.003175001409640872,0.0984677
5.391103,-0.0031750030426615093,0.0984677
5.391164,0.0031750007997361656,0.1038903
5.391164,-0.003175002444647978,0.1038903
5.39669,0.003175002603465897,0.0930906
5.39669,-0.003175003915861236,0.0930906
5.390632,0.003175002619392864,0.0873907
5.390632,-0.0031750042470653703,0.0873907
5.390868,0.0031750020145690184,0.0929292
5.390868,-0.0031750036448882474,0.0929292
5.390102,0.00317500384533428,0.0761171
5.390102,-0.003175005470333017,0.0761171
5.396244,0.0031750038371230254,0.0818262
5.396244,-0.003175005142276874,0.0818262
5.390367,0.003175003232363572,0.0817539
5.390367,-0.0031750048586991937,0.0817539
5.389547,0.003175005083896992,0.0647095
5.389547,-0.0031750018243713665,0.0647095
5.395758,0.003175005083064334,0.070417
5.395758,-0.003175006382757493,0.070417
5.389824,0.0031750044645634857,0.0704133
5.389824,-0.003175006088748106,0.0704133
5.401932,0.003175005069201159,0.0762052
5.401932,-0.003175006047521621,0.0762052
5.407626,0.00317500631173564,0.0704977
5.407626,-0.0031750069626517077,0.0704977
5.401452,0.003175006325598815,0.0647095
5.401452,-0.0031750030660731895,0.0647095
5.401692,0.0031750056974056695,0.0704573
5.401692,-0.0031750066727101425,0.0704573
5.402381,0.003175003815048004,0.0876527
5.402381,-0.003175004800960056,0.0876527
5.408068,0.0031750050470332014,0.0820316
5.408068,-0.003175005706166271,0.0820316
5.402156,0.003175004442078113,0.0819289
5.402156,-0.0031750054242215726,0.0819289
5.408375,0.0031750037678637427,0.0935689
5.408375,-0.003175004442605861,0.0935689
5.402684,0.0031750025562816355,0.0990068
5.402684,-0.003175003557507041,0.0990068
5.402532,0.003175003185618352,0.0933297
5.402532,-0.0031750041792142827,0.0933297
5.402657,0.0031750012645279445,0.1103483
5.402657,-0.003175002299077431,0.1103483
5.408526,0.0031750024639111214,0.1051811
5.408526,-0.0031750031630035005,0.1051811
5.402671,0.003175001910451258,0.1046776
5.402671,-0.003175002928311502,0.1046776
5.408063,0.0031750010252515086,0.1174151
5.408063,-0.0031750017840168976,0.1174151
5.402329,0.003175000570966285,0.11615
5.402329,-0.0031750016397440154,0.11615
5.420754,0.00317500235988947,0.1173187
5.420754,-0.0031750024243745586,0.1173187
5.41455,0.0031750024065590825,0.1112143
5.41455,-0.003175002793169516,0.1112143
5.414266,0.0031750009784775953,0.1235195
5.414266,-0.0031750014151723247,0.1235195
5.414408,0.003175001692518339,0.1173669
5.414408,-0.0031750021041709203,0.1173669
5.416654,0.0031749999223133906,0.1350044
5.416654,-0.0031750002606701698,0.1350044
5.421528,0.0031750011100856452,0.1290262
5.421528,-0.0031750011651197354,0.1290262
5.41546,0.0031750004504011754,0.1292619
5.41546,-0.0031750008379267895,0.1292619
5.422555,0.0031749999256966257,0.1403903
5.422555,-0.0031749999564800804,0.1403903
5.417115,0.0031749994959682226,0.1405226
5.417115,-0.0031749996719066254,0.1405226
5.420466,0.0031750036695776308,0.1055303
5.420466,-0.0031750037167095494,0.1055303
5.414441,0.003175003726825369,0.0994971
5.414441,-0.0031750040864939183,0.0994971
5.414496,0.003175003066744376,0.1053557
5.414496,-0.003175003439856525,0.1053557
5.420231,0.003175004974008553,0.0938368
5.420231,-0.003175005001155471,0.0938368
5.414164,0.0031750050149426255,0.0879086
5.414164,-0.003175005357217798,0.0879086
5.414303,0.003175004370930465,0.0937029
5.414303,-0.0031750047218751243,0.0937029
5.419872,0.003175006258664564,0.0822035
5.419872,-0.003175006272776489,0.0822035
5.413776,0.0031750062907551398,0.0763265
5.413776,-0.003175006621724962,0.0763265
5.41397,0.0031750056528432003,0.0821176
5.41397,-0.003175005989465838,0.0821176
5.419508,0.0031750075464244388,0.0705383
5.419508,-0.0031750075476852197,0.0705383
5.413358,0.003175007567404939,0.0647095
5.413358,-0.0031750043078793136,0.0647095
5.413567,0.003175006929080039,0.070518
5.413567,-0.0031750072551684637,0.070518
5.434408,0.003174999882458646,0.1516489
5.434408,-0.00317499929667347,0.1516489
5.428616,0.0031749999225724646,0.1459803
5.428616,-0.0031749996376060907,0.1459803
5.428809,0.0031749994959682226,0.1516596
5.428809,-0.003174999017689245,0.1516596
5.445935,0.003175001092030936,0.1515847
5.445935,-0.0031749998757094272,0.1515847
5.439988,0.0031750011126368723,0.1459455
5.439988,-0.0031750002056929252,0.1459455
5.440172,0.003175000487296942,0.1516168
5.440172,-0.0031749995862162565,0.1516168
5.433949,0.003175001125613237,0.140289
5.433949,-0.003175000533029309,0.140289
5.445541,0.0031750023489998877,0.1401629
5.445541,-0.0031750011221512715,0.1401629
5.439502,0.003175002361976253,0.1345064
5.439502,-0.003175001449487655,0.1345064
5.439745,0.003175001737312245,0.1402259
5.439745,-0.003175000827595832,0.1402259
5.427888,0.0031750011287487627,0.1346989
5.427888,-0.0031750008519143822,0.1346989
5.428252,0.003175000525660614,0.1403396
5.428252,-0.0031750002447602367,0.1403396
5.433302,0.003175002358910254,0.1288433
5.433302,-0.003175001769567456,0.1288433
5.426943,0.003175002340362802,0.1231705
5.426943,-0.0031750020828335084,0.1231705
5.427415,0.003175001734503632,0.1289347
5.427415,-0.0031750014673491375,0.1289347
5.432717,0.003175003612527603,0.1172757
5.432717,-0.003175003022693151,0.1172757
5.426528,0.003175003632054271,0.1114239
5.426528,-0.0031750033642342014,0.1114239
5.426736,0.003175002986260687,0.1172972
5.426736,-0.0031750027235586628,0.1172972
5.43232,0.003175004896186391,0.1056163
5.43232,-0.0031750042953216932,0.1056163
5.426257,0.0031750049336054503,0.0997227
5.426257,-0.003175004647747425,0.0997227
5.426393,0.003175004282882011,0.1055733
5.426393,-0.003175004006015621,0.1055733
5.431954,0.003175006182169323,0.0939649
5.431954,-0.0031750055686016027,0.0939649
5.425927,0.00317500622245676,0.0880791
5.425927,-0.003175005921948949,0.0880791
5.426092,0.003175005578031105,0.0939009
5.426092,-0.003175005284848187,0.0939009
5.431654,0.003175007479252449,0.0822764
5.431654,-0.0031750068492683056,0.0822764
5.425599,0.0031750075154488885,0.0764009
5.425599,-0.0031750072000847618,0.0764009
5.425763,0.0031750068689528244,0.08224
5.425763,-0.003175006561016855,0.08224
5.431354,0.0031750087781425764,0.070572
5.431354,-0.0031750081316973613,0.070572
5.425264,0.003175008809211063,0.0647095
5.425264,-0.003175005549685437,0.0647095
5.425431,0.0031750081622778253,0.0705552
5.425431,-0.0031750078396857485,0.0705552
5.443195,0.003175010012680458,0.0705763
5.443195,-0.003175008718720116,0.0705763
5.437169,0.003175010050912886,0.0647095
5.437169,-0.00317500679138726,0.0647095
5.43738,0.003175008739898784,0.0764389
5.43738,-0.003175007780395273,0.0764389
5.437275,0.0031750093954579853,0.0705742
5.437275,-0.0031750084252280047,0.0705742
5.455095,0.0031750112564633134,0.0705534
5.455095,-0.0031750093116850397,0.0705534
5.449075,0.0031750112927190098,0.0647095
5.449075,-0.0031750080331933842,0.0647095
5.449215,0.0031750099764247617,0.0764202
5.449215,-0.0031750083696696495,0.0764202
5.449145,0.0031750106345775683,0.0705648
5.449145,-0.00317500901520812,0.0705648
5.467464,0.0031750125533796126,0.0704934
5.467464,-0.003175009932031879,0.0704934
5.46098,0.0031750125344208327,0.0647095
5.46098,-0.003175009274895207,0.0647095
5.461578,0.003175011275317792,0.0763373
5.461578,-0.003175008992257027,0.0763373
5.461279,0.0031750119048693124,0.0705234
5.461279,-0.0031750096218336517,0.0705234
5.472886,0.003175013776226957,0.0647095
5.472886,-0.003175010516701331,0.0647095
5.480818,0.0031749513311330165,0.0703587
5.480818,-0.0031749962363392115,0.0703587
5.474141,0.00317501325745637,0.070426
5.474141,-0.003175010270786435,0.070426
5.455243,0.003175009945413011,0.0822253
5.455243,-0.0031750080253166936,0.0822253
5.461771,0.0031750099770527585,0.087938
5.461771,-0.003175007716013183,0.087938
5.461675,0.003175010626243108,0.0821376
5.461675,-0.0031750083541654548,0.0821376
5.443345,0.0031750086970769105,0.0822901
5.443345,-0.003175007427806812,0.0822901
5.449373,0.0031750086660765242,0.0880951
5.449373,-0.0031750070834649408,0.0880951
5.449294,0.0031750093212449607,0.0822577
5.449294,-0.003175007726561753,0.0822577
5.437619,0.0031750074364305754,0.0881276
5.437619,-0.003175006496679845,0.0881276
5.4375,0.0031750080882225126,0.0822832
5.4375,-0.0031750071385679085,0.0822832
5.4436,0.003175007398027795,0.0939546
5.4436,-0.0031750061475675595,0.0939546
5.437934,0.0031750061436622416,0.0997919
5.437934,-0.0031750052194397015,0.0997919
5.437777,0.0031750067900928767,0.0939598
5.437777,-0.003175005858079039,0.0939598
5.455441,0.003175008647101242,0.093831
5.455441,-0.003175006748766729,0.093831
5.449668,0.0031750073790525126,0.0996905
5.449668,-0.003175005812869348,0.0996905
5.44952,0.003175008022512368,0.0938928
5.44952,-0.0031750064481423364,0.0938928
5.443981,0.0031750061172915673,0.1055736
5.443981,-0.003175004878623096,0.1055736
5.450136,0.003175006111538609,0.111273
5.450136,-0.0031750045522871036,0.111273
5.455823,0.0031750073732881886,0.10539
5.455823,-0.0031750054865222715,0.10539
5.449902,0.003175006745289878,0.1054818
5.449902,-0.003175005182572684,0.1054818
5.438366,0.003175004869722781,0.1113979
5.438366,-0.003175003954466556,0.1113979
5.43815,0.003175005506692511,0.1055949
5.43815,-0.003175004586953129,0.1055949
5.444487,0.003175004854263877,0.1171515
5.444487,-0.003175003620436111,0.1171515
5.438838,0.0031750035970573337,0.1230294
5.438838,-0.0031750026886516224,0.1230294
5.438602,0.0031750042333957397,0.1172136
5.438602,-0.0031750033215646313,0.1172136
5.445037,0.0031750036000303965,0.1286924
5.445037,-0.00317500236853329,0.1286924
5.43917,0.0031750029795167933,0.1287679
5.43917,-0.0031750020690696386,0.1287679
5.451283,0.003175003610167193,0.1343355
5.451283,-0.0031750020529526073,0.1343355
5.456999,0.003175004877066714,0.1284338
5.456999,-0.003175002990699335,0.1284338
5.450753,0.0031750048669185525,0.1227908
5.450753,-0.0031750033062689334,0.1227908
5.451018,0.0031750042385485554,0.1285631
5.451018,-0.0031750026796163126,0.1285631
5.456402,0.0031750061241932843,0.1169123
5.456402,-0.003175004238119926,0.1169123
5.450444,0.00317500548917643,0.1170319
5.450444,-0.003175003929253211,0.1170319
5.463035,0.0031750061802291686,0.1225067
5.463035,-0.003175003947138415,0.1225067
5.462486,0.00317500743321454,0.1109777
5.462486,-0.0031750051977718578,0.1109777
5.462761,0.003175006806774005,0.1167422
5.462761,-0.0031750045724799445,0.1167422
5.462009,0.003175008689390954,0.0994867
5.462009,-0.003175006447765716,0.0994867
5.462248,0.0031750080613548973,0.1052322
5.462248,-0.003175005822793595,0.1052322
5.46189,0.0031750093332275383,0.0937123
5.46189,-0.0031750070818949917,0.0937123
5.463551,0.0031750049261316505,0.1340152
5.463551,-0.003175002697139871,0.1340152
5.463293,0.0031750055531747272,0.128261
5.463293,-0.003175003322133601,0.128261
5.457456,0.003175003615985815,0.1399496
5.457456,-0.003175001736964335,0.1399496
5.463813,0.003175003643075553,0.1455454
5.463813,-0.0031750014321337183,0.1455454
5.463682,0.003175004284603602,0.1397803
5.463682,-0.0031750020646367947,0.1397803
5.451713,0.003175002354714209,0.145777
5.451713,-0.0031750008061133834,0.145777
5.451498,0.0031750029824463835,0.1400562
5.451498,-0.0031750014295385373,0.1400562
5.457745,0.0031750023443376215,0.1514042
5.457745,-0.003175000481677297,0.1514042
5.45184,0.0031750017181785962,0.1514945
5.45184,-0.00317500017868782,0.1514945
5.463864,0.0031750029977834445,0.1512702
5.463864,-0.003175000800128232,0.1512702
5.492126,0.0031750380843221316,0.0573806
5.492126,-0.0031749962363392115,0.0573806
5.488978,0.003175006718205079,0.0707216
5.488978,-0.0031749962363392115,0.0707216
5.497025,0.003175018689445586,0.0584853
5.497025,-0.0031749962363392115,0.0584853
5.495506,0.0031750483483218924,0.0642382
5.495506,-0.0031749962363392115,0.0642382
5.493987,0.0031750606722852357,0.0699911
5.493987,-0.0031749962363392115,0.0699911
5.503602,1.147963882211779e-07,0.058185
5.503602,-1.2626258941676394e-07,0.058185
5.490064,0.003175017623029447,0.0665454
5.490064,-0.0031749962363392115,0.0665454
